{
    "R1f": 0.4,
    "R2f": 0.4,
    "pf": 0.9577,
    "of_hz": 0,
    "R1b": 4,
    "R2b": 4,
    "pb": 0.0416,
    "ob_hz": 0,
    "R1e": 20,
    "R2e": 20,
    "pe": 0.00070,
    "oe_hz": 360,
    "kbf": 972.199533000458,
    "keb": 1e3,
    "dt": 1e-5,
    "DW": 1e-4,
    "inv_rec_delays": [0.00,0.48,0.97,1.45,1.94,2.42,2.90,3.39,3.87,4.35,4.84,5.32,5.81,6.29,6.77,7.26,7.74,8.23,8.71,9.19,9.68,10.16,10.65,11.13,11.61,12.10,12.58,13.06,13.55,14.03,14.52,15.00],
    "CPMG_delays": [0.00,0.48,0.97,1.45,1.94,2.42,2.90,3.39,3.87,4.35,4.84,5.32,5.81,6.29,6.77,7.26,7.74,8.23,8.71,9.19,9.68,10.16,10.65,11.13,11.61,12.10,12.58,13.06,13.55,14.03,14.52,15.00],
    "CPMG_tau": [0.00001,0.00002,0.00005,0.00010,0.00022,0.00046,0.00100,0.00215,0.00464,0.01000,0.02154,0.04642,0.10000,0.21544,0.46416,1.00000]
}